{"cameraMode":{"drawMode":0,"name":"Shaded","section":"Shading Mode"},"sceneLighting":false,"audioPlay":false,"sceneViewState":{"showFog":true,"showMaterialUpdate":false,"showSkybox":true,"showFlares":true,"showImageEffects":true,"showParticleSystems":true},"in2DMode":false,"pivot":{"x":-10.516160011291504,"y":0.4725936949253082,"z":7.043000221252441},"rotation":{"x":-0.04431457817554474,"y":0.9467059969902039,"z":-0.2823135256767273,"w":-0.14860396087169648},"size":2.0552785396575929,"orthographic":false}