{"cameraMode":{"drawMode":0,"name":"Shaded","section":"Shading Mode"},"sceneLighting":false,"audioPlay":false,"sceneViewState":{"showFog":true,"showMaterialUpdate":false,"showSkybox":true,"showFlares":true,"showImageEffects":true,"showParticleSystems":true},"in2DMode":false,"pivot":{"x":-10.480571746826172,"y":0.21534834802150727,"z":6.179880619049072},"rotation":{"x":-0.0005070787156000733,"y":-0.9712365865707398,"z":0.23810718953609467,"w":-0.0020779892802238466},"size":2.0552785396575929,"orthographic":false}