{"cameraMode":{"drawMode":0,"name":"Shaded","section":"Shading Mode"},"sceneLighting":false,"audioPlay":false,"sceneViewState":{"showFog":true,"showMaterialUpdate":false,"showSkybox":true,"showFlares":true,"showImageEffects":true,"showParticleSystems":true},"in2DMode":false,"pivot":{"x":-10.516160011291504,"y":0.4725936949253082,"z":7.043000221252441},"rotation":{"x":-0.16739310324192048,"y":-0.037851300090551379,"z":0.006431706715375185,"w":-0.9851423501968384},"size":2.0552785396575929,"orthographic":false}