{"cameraMode":{"drawMode":0,"name":"Shaded","section":"Shading Mode"},"sceneLighting":false,"audioPlay":false,"sceneViewState":{"showFog":true,"showMaterialUpdate":false,"showSkybox":true,"showFlares":true,"showImageEffects":true,"showParticleSystems":true},"in2DMode":false,"pivot":{"x":0.67009037733078,"y":2.3215670585632326,"z":0.7879970073699951},"rotation":{"x":-0.04376355931162834,"y":-0.9542339444160461,"z":0.238442525267601,"w":-0.1751214563846588},"size":4.120571136474609,"orthographic":false}