{"cameraMode":{"drawMode":0,"name":"Shaded","section":"Shading Mode"},"sceneLighting":false,"audioPlay":false,"sceneViewState":{"showFog":true,"showMaterialUpdate":false,"showSkybox":true,"showFlares":true,"showImageEffects":true,"showParticleSystems":true},"in2DMode":false,"pivot":{"x":-9.99982738494873,"y":0.46662643551826479,"z":7.628277778625488},"rotation":{"x":-0.16739310324192048,"y":-0.037851300090551379,"z":0.006431706715375185,"w":-0.9851423501968384},"size":2.0077223777770998,"orthographic":false}