{"cameraMode":{"drawMode":0,"name":"Shaded","section":"Shading Mode"},"sceneLighting":false,"audioPlay":false,"sceneViewState":{"showFog":true,"showMaterialUpdate":false,"showSkybox":true,"showFlares":true,"showImageEffects":true,"showParticleSystems":true},"in2DMode":false,"pivot":{"x":-17.908649444580079,"y":4.285369396209717,"z":9.273197174072266},"rotation":{"x":0.19488845765590669,"y":0.6893234252929688,"z":-0.20106498897075654,"w":0.6681501269340515},"size":1.7552785873413087,"orthographic":false}