{"cameraMode":{"drawMode":0,"name":"Shaded","section":"Shading Mode"},"sceneLighting":false,"audioPlay":false,"sceneViewState":{"showFog":true,"showMaterialUpdate":false,"showSkybox":true,"showFlares":true,"showImageEffects":true,"showParticleSystems":true},"in2DMode":false,"pivot":{"x":2.7393057346343996,"y":-4.059574127197266,"z":-14.761701583862305},"rotation":{"x":0.015139217488467694,"y":0.9834024310112,"z":-0.1519586741924286,"w":0.09797502309083939},"size":17.46895980834961,"orthographic":false}