{"cameraMode":{"drawMode":0,"name":"Shaded","section":"Shading Mode"},"sceneLighting":false,"audioPlay":false,"sceneViewState":{"showFog":true,"showMaterialUpdate":false,"showSkybox":true,"showFlares":true,"showImageEffects":true,"showParticleSystems":true},"in2DMode":false,"pivot":{"x":544.8347778320313,"y":223.31788635253907,"z":-103.49872589111328},"rotation":{"x":-0.08265039324760437,"y":0.039450690150260928,"z":-0.0032743061892688276,"w":-0.9957920908927918},"size":817.4611206054688,"orthographic":false}