{"cameraMode":{"drawMode":0,"name":"Shaded","section":"Shading Mode"},"sceneLighting":false,"audioPlay":false,"sceneViewState":{"showFog":true,"showMaterialUpdate":false,"showSkybox":true,"showFlares":true,"showImageEffects":true,"showParticleSystems":true},"in2DMode":false,"pivot":{"x":0.487621009349823,"y":-0.30805209279060366,"z":0.278700053691864},"rotation":{"x":-0.16739310324192048,"y":-0.037851300090551379,"z":0.006431706715375185,"w":-0.9851423501968384},"size":3.215101957321167,"orthographic":false}