{"cameraMode":{"drawMode":0,"name":"Shaded","section":"Shading Mode"},"sceneLighting":false,"audioPlay":false,"sceneViewState":{"showFog":true,"showMaterialUpdate":false,"showSkybox":true,"showFlares":true,"showImageEffects":true,"showParticleSystems":true},"in2DMode":false,"pivot":{"x":-10.516160011291504,"y":0.4725936949253082,"z":7.043000221252441},"rotation":{"x":0.0002566970943007618,"y":0.9996308088302612,"z":0.025185538455843927,"w":-0.010196689516305924},"size":2.0552785396575929,"orthographic":false}