{"cameraMode":{"drawMode":0,"name":"Shaded","section":"Shading Mode"},"sceneLighting":false,"audioPlay":false,"sceneViewState":{"showFog":true,"showMaterialUpdate":false,"showSkybox":true,"showFlares":true,"showImageEffects":true,"showParticleSystems":true},"in2DMode":false,"pivot":{"x":0.0,"y":4.4703497792397687e-8,"z":7.450580596923828e-8},"rotation":{"x":0.03717494755983353,"y":-0.018889104947447778,"z":-0.0007027253741398454,"w":-0.9991300106048584},"size":2.86730312382133e-7,"orthographic":false}