{"cameraMode":{"drawMode":0,"name":"Shaded","section":"Shading Mode"},"sceneLighting":false,"audioPlay":false,"sceneViewState":{"showFog":true,"showMaterialUpdate":false,"showSkybox":true,"showFlares":true,"showImageEffects":true,"showParticleSystems":true},"in2DMode":false,"pivot":{"x":16.922197341918947,"y":-32.273799896240237,"z":-25.51504135131836},"rotation":{"x":-0.1094919964671135,"y":-0.8904750347137451,"z":0.30841708183288576,"w":-0.3161400258541107},"size":55.58451461791992,"orthographic":false}