{"cameraMode":{"drawMode":0,"name":"Shaded","section":"Shading Mode"},"sceneLighting":false,"audioPlay":false,"sceneViewState":{"showFog":true,"showMaterialUpdate":false,"showSkybox":true,"showFlares":true,"showImageEffects":true,"showParticleSystems":true},"in2DMode":false,"pivot":{"x":257.913818359375,"y":183.1842041015625,"z":-12.6693115234375},"rotation":{"x":0.03717494755983353,"y":-0.018889104947447778,"z":-0.0007027253741398454,"w":-0.9991300106048584},"size":22.0,"orthographic":false}