{"cameraMode":{"drawMode":0,"name":"Shaded","section":"Shading Mode"},"sceneLighting":false,"audioPlay":false,"sceneViewState":{"showFog":true,"showMaterialUpdate":false,"showSkybox":true,"showFlares":true,"showImageEffects":true,"showParticleSystems":true},"in2DMode":false,"pivot":{"x":-10.50963020324707,"y":0.34371453523635867,"z":6.419923305511475},"rotation":{"x":0.0002566970943007618,"y":0.9996308088302612,"z":0.025185538455843927,"w":-0.010196689516305924},"size":0.9095795750617981,"orthographic":false}