{"cameraMode":{"drawMode":0,"name":"Shaded","section":"Shading Mode"},"sceneLighting":false,"audioPlay":false,"sceneViewState":{"showFog":true,"showMaterialUpdate":false,"showSkybox":true,"showFlares":true,"showImageEffects":true,"showParticleSystems":true},"in2DMode":false,"pivot":{"x":-31.627830505371095,"y":-0.04000043869018555,"z":-0.08714485168457031},"rotation":{"x":-0.16739310324192048,"y":-0.037851300090551379,"z":0.006431706715375185,"w":-0.9851423501968384},"size":114.3153076171875,"orthographic":false}