{"cameraMode":{"drawMode":0,"name":"Shaded","section":"Shading Mode"},"sceneLighting":false,"audioPlay":false,"sceneViewState":{"showFog":true,"showMaterialUpdate":false,"showSkybox":true,"showFlares":true,"showImageEffects":true,"showParticleSystems":true},"in2DMode":false,"pivot":{"x":0.04937005043029785,"y":2.4621126651763918,"z":-1.1657991409301758},"rotation":{"x":-0.03404418006539345,"y":0.3469838798046112,"z":-0.012604602612555027,"w":-0.9371682405471802},"size":3.8880538940429689,"orthographic":false}