{"cameraMode":{"drawMode":0,"name":"Shaded","section":"Shading Mode"},"sceneLighting":false,"audioPlay":false,"sceneViewState":{"showFog":true,"showMaterialUpdate":false,"showSkybox":true,"showFlares":true,"showImageEffects":true,"showParticleSystems":true},"in2DMode":false,"pivot":{"x":-8.401890754699707,"y":-3.110795021057129,"z":2.2137904167175295},"rotation":{"x":0.1276761144399643,"y":-0.5763128995895386,"z":0.09175726771354675,"w":0.8019618988037109},"size":15.15964412689209,"orthographic":false}