{"cameraMode":{"drawMode":0,"name":"Shaded","section":"Shading Mode"},"sceneLighting":false,"audioPlay":false,"sceneViewState":{"showFog":true,"showMaterialUpdate":false,"showSkybox":true,"showFlares":true,"showImageEffects":true,"showParticleSystems":true},"in2DMode":false,"pivot":{"x":-10.583806991577149,"y":1.9799628257751465,"z":8.000383377075196},"rotation":{"x":0.000169978869962506,"y":-0.9599951505661011,"z":0.2800159454345703,"w":0.0005813156021758914},"size":0.042497508227825168,"orthographic":false}