{"cameraMode":{"drawMode":0,"name":"Shaded","section":"Shading Mode"},"sceneLighting":false,"audioPlay":false,"sceneViewState":{"showFog":true,"showMaterialUpdate":false,"showSkybox":true,"showFlares":true,"showImageEffects":true,"showParticleSystems":true},"in2DMode":false,"pivot":{"x":-0.6270715594291687,"y":-1.2340681552886963,"z":-0.7356744408607483},"rotation":{"x":0.015872785821557046,"y":-0.8632030487060547,"z":0.5038737654685974,"w":0.027201062068343164},"size":2.838650941848755,"orthographic":false}