{"cameraMode":{"drawMode":0,"name":"Shaded","section":"Shading Mode"},"sceneLighting":false,"audioPlay":false,"sceneViewState":{"showFog":true,"showMaterialUpdate":false,"showSkybox":true,"showFlares":true,"showImageEffects":true,"showParticleSystems":true},"in2DMode":false,"pivot":{"x":-10.516160011291504,"y":0.4725936949253082,"z":7.043000221252441},"rotation":{"x":0.19233383238315583,"y":0.7475236058235169,"z":-0.2450796216726303,"w":0.5866448283195496},"size":2.0552785396575929,"orthographic":false}