{"cameraMode":{"drawMode":0,"name":"Shaded","section":"Shading Mode"},"sceneLighting":false,"audioPlay":false,"sceneViewState":{"showFog":true,"showMaterialUpdate":false,"showSkybox":true,"showFlares":true,"showImageEffects":true,"showParticleSystems":true},"in2DMode":false,"pivot":{"x":-57.355560302734378,"y":265.98895263671877,"z":-12.27581787109375},"rotation":{"x":0.004188058897852898,"y":0.02250279299914837,"z":0.00009457182022742927,"w":-0.9997380375862122},"size":1492.408447265625,"orthographic":false}