{"cameraMode":{"drawMode":0,"name":"Shaded","section":"Shading Mode"},"sceneLighting":false,"audioPlay":false,"sceneViewState":{"showFog":true,"showMaterialUpdate":false,"showSkybox":true,"showFlares":true,"showImageEffects":true,"showParticleSystems":true},"in2DMode":false,"pivot":{"x":-0.8629449605941773,"y":-0.5097275972366333,"z":0.46458372473716738},"rotation":{"x":-0.08599989116191864,"y":0.6414397358894348,"z":-0.07269175350666046,"w":-0.7588643431663513},"size":2.0151021480560304,"orthographic":false}