{"cameraMode":{"drawMode":0,"name":"Shaded","section":"Shading Mode"},"sceneLighting":false,"audioPlay":false,"sceneViewState":{"showFog":true,"showMaterialUpdate":false,"showSkybox":true,"showFlares":true,"showImageEffects":true,"showParticleSystems":true},"in2DMode":false,"pivot":{"x":-11.7853364944458,"y":2.3978238105773927,"z":9.536215782165528},"rotation":{"x":-0.06226055696606636,"y":-0.937738299369812,"z":0.24178454279899598,"w":-0.2414761781692505},"size":1.4558508396148682,"orthographic":false}