{"cameraMode":{"drawMode":0,"name":"Shaded","section":"Shading Mode"},"sceneLighting":false,"audioPlay":false,"sceneViewState":{"showFog":true,"showMaterialUpdate":false,"showSkybox":true,"showFlares":true,"showImageEffects":true,"showParticleSystems":true},"in2DMode":false,"pivot":{"x":-31.627830505371095,"y":-0.04000043869018555,"z":-0.08714485168457031},"rotation":{"x":-0.09315354377031326,"y":0.021501239389181138,"z":-0.0020122071728110315,"w":-0.9954175353050232},"size":114.3153076171875,"orthographic":false}