{"cameraMode":{"drawMode":0,"name":"Shaded","section":"Shading Mode"},"sceneLighting":false,"audioPlay":false,"sceneViewState":{"showFog":true,"showMaterialUpdate":false,"showSkybox":true,"showFlares":true,"showImageEffects":true,"showParticleSystems":true},"in2DMode":false,"pivot":{"x":617.6593017578125,"y":270.2724609375,"z":6.21258544921875},"rotation":{"x":-0.19703637063503266,"y":-0.010552875697612763,"z":0.002121588448062539,"w":-0.9803371429443359},"size":280.6875915527344,"orthographic":false}