{"cameraMode":{"drawMode":0,"name":"Shaded","section":"Shading Mode"},"sceneLighting":false,"audioPlay":false,"sceneViewState":{"showFog":true,"showMaterialUpdate":false,"showSkybox":true,"showFlares":true,"showImageEffects":true,"showParticleSystems":true},"in2DMode":false,"pivot":{"x":-0.18356646597385407,"y":0.23612435162067414,"z":-0.6741397976875305},"rotation":{"x":-0.0023889464791864158,"y":-0.9907035827636719,"z":0.1348813772201538,"w":-0.017543036490678788},"size":2.27761173248291,"orthographic":false}