{"cameraMode":{"drawMode":0,"name":"Shaded","section":"Shading Mode"},"sceneLighting":true,"audioPlay":false,"sceneViewState":{"showFog":true,"showMaterialUpdate":false,"showSkybox":true,"showFlares":true,"showImageEffects":true,"showParticleSystems":true},"in2DMode":false,"pivot":{"x":575.1512451171875,"y":175.9244842529297,"z":-481.4958801269531},"rotation":{"x":-0.06387053430080414,"y":0.08607064187526703,"z":0.005528818815946579,"w":0.9942242503166199},"size":250.74229431152345,"orthographic":false}