{"cameraMode":{"drawMode":0,"name":"Shaded","section":"Shading Mode"},"sceneLighting":false,"audioPlay":false,"sceneViewState":{"showFog":true,"showMaterialUpdate":false,"showSkybox":true,"showFlares":true,"showImageEffects":true,"showParticleSystems":true},"in2DMode":false,"pivot":{"x":-10.318334579467774,"y":-0.19191129505634309,"z":7.148126602172852},"rotation":{"x":-0.07905753701925278,"y":0.8606955409049988,"z":-0.14093902707099915,"w":-0.4827933609485626},"size":0.5552786588668823,"orthographic":false}