{"cameraMode":{"drawMode":0,"name":"Shaded","section":"Shading Mode"},"sceneLighting":true,"audioPlay":false,"sceneViewState":{"showFog":true,"showMaterialUpdate":false,"showSkybox":true,"showFlares":true,"showImageEffects":true,"showParticleSystems":true},"in2DMode":false,"pivot":{"x":-16.03291893005371,"y":10.56528377532959,"z":22.97788429260254},"rotation":{"x":0.21002110838890077,"y":-0.6349449753761292,"z":0.1852034628391266,"w":0.7200248837471008},"size":3.398256540298462,"orthographic":false}